,HDFS,BGL
F1_measure,0.9999843025834023,0.9393688022111542
Accuracy,0.9975,0.6895
