,HDFS,BGL
F1_measure,0.9995449749147809,0.9979016820570321
Accuracy,0.885,0.854
