,HDFS,BGL
F1_measure,0.9518632773938795,0.9969653009979053
Accuracy,0.546,0.835
