,HDFS,BGL
F1_measure,0.9999843025834023,0.999777609316384
Accuracy,0.9975,0.966
