,HDFS,BGL
F1_measure,0.9658122018678019,0.9552471684061185
Accuracy,0.545,0.5725
