,HDFS,BGL
F1_measure,0.9999843025834023,0.9995992361148294
Accuracy,0.9975,0.9625
