,HDFS,BGL
F1_measure,0.9988397207490074,0.9712682205856141
Accuracy,0.8505,0.723
