,HDFS,BGL
F1_measure,0.9917665351791699,0.9349166575154656
Accuracy,0.8495,0.2265
