,HDFS,BGL
F1_measure,0.9999843025834023,0.9944497190718967
Accuracy,0.9975,0.711
